id,category,formula,config,outcome,n_valid_assignments,n_vars,n_clauses,n_qubits,n_ancillas,mcx_count,depth,build_time,n_attempts,total_sim_time,total_iterations,wall_time
unit1,unit_clause,"A && (!A || B) && (!B || C)",none,sat,1,3,3,7,4,1,15,0.18864140799996676,1,0.16066291900006036,1,2.068
unit1,unit_clause,"A && (!A || B) && (!B || C)",tautology,sat,1,3,3,7,4,1,15,0.12916857099935442,1,0.11927822799952992,1,0.256
unit1,unit_clause,"A && (!A || B) && (!B || C)",unit_propagation,sat,1,3,3,7,4,1,7,0.129385283999909,1,0.1308729439997478,1,0.264
unit1,unit_clause,"A && (!A || B) && (!B || C)",pure_literal,sat,1,3,3,7,4,1,7,0.12732351700014988,1,0.14781181899979856,1,0.280
unit1,unit_clause,"A && (!A || B) && (!B || C)",tautology+unit_propagation,sat,1,3,3,7,4,1,7,0.11835798399988562,1,0.1296865729991623,1,0.251
unit1,unit_clause,"A && (!A || B) && (!B || C)",tautology+pure_literal,sat,1,3,3,7,4,1,7,0.11827541599996039,1,0.12214229900018836,1,0.244
unit1,unit_clause,"A && (!A || B) && (!B || C)",unit_propagation+pure_literal,sat,1,3,3,7,4,1,7,0.12515459099995496,1,0.1234188529997482,1,0.252
unit1,unit_clause,"A && (!A || B) && (!B || C)",full,sat,1,3,3,7,4,1,7,0.13072466399989935,1,0.12978588299938565,1,0.264
unit2,unit_clause,"A && !B && (A || B || C)",none,sat,2,3,3,7,4,3,13,0.12160829299955367,1,0.12688605499988626,1,0.252
unit2,unit_clause,"A && !B && (A || B || C)",tautology,sat,2,3,3,7,4,3,13,0.11855532200024754,1,0.12590764000015042,1,0.248
unit2,unit_clause,"A && !B && (A || B || C)",unit_propagation,sat,1,2,2,5,3,0,7,0.12230634299976373,1,0.16318461099945125,1,0.288
unit2,unit_clause,"A && !B && (A || B || C)",pure_literal,sat,1,3,3,7,4,1,7,0.12099910300003103,1,0.1394671030002428,1,0.263
unit2,unit_clause,"A && !B && (A || B || C)",tautology+unit_propagation,sat,1,2,2,5,3,0,7,0.11783537199971761,1,0.12329120300000795,1,0.244
unit2,unit_clause,"A && !B && (A || B || C)",tautology+pure_literal,sat,1,3,3,7,4,1,7,0.11793817300076626,1,0.12678186199991615,1,0.248
unit2,unit_clause,"A && !B && (A || B || C)",unit_propagation+pure_literal,sat,1,2,2,5,3,0,7,0.11604507799984276,1,0.1249760270002298,1,0.244
unit2,unit_clause,"A && !B && (A || B || C)",full,sat,1,2,2,5,3,0,7,0.12204686299992318,1,0.12334073900001385,1,0.248
pure1,pure_literal,"(A || B) && (A || C) && (B || C)",none,sat,3,3,3,7,4,1,11,0.14462123200064525,1,0.1298997039993992,1,0.279
pure1,pure_literal,"(A || B) && (A || C) && (B || C)",tautology,sat,4,3,3,7,4,1,11,0.1177146050004012,1,0.13127820099998644,1,0.253
pure1,pure_literal,"(A || B) && (A || C) && (B || C)",unit_propagation,sat,3,3,3,7,4,1,11,0.12317896100012149,1,0.12473660200066661,1,0.252
pure1,pure_literal,"(A || B) && (A || C) && (B || C)",pure_literal,sat,1,3,3,7,4,1,7,0.12375767600042309,1,0.13634810100029426,1,0.264
pure1,pure_literal,"(A || B) && (A || C) && (B || C)",tautology+unit_propagation,sat,4,3,3,7,4,1,11,0.13240750799923262,1,0.127368908999415,1,0.264
pure1,pure_literal,"(A || B) && (A || C) && (B || C)",tautology+pure_literal,sat,1,3,3,7,4,1,7,0.11775050899996131,1,0.1304350290001821,1,0.252
pure1,pure_literal,"(A || B) && (A || C) && (B || C)",unit_propagation+pure_literal,sat,1,3,3,7,4,1,7,0.12033910099944478,1,0.12398206899979414,1,0.248
pure1,pure_literal,"(A || B) && (A || C) && (B || C)",full,sat,1,3,3,7,4,1,7,0.1642047060004188,1,0.13004114999966987,1,0.300
pure2,pure_literal,"(A || B || C) && (A || !B) && (A || !C)",none,sat,2,3,3,7,4,3,13,0.11931937800000014,1,0.13641939099943556,1,0.260
pure2,pure_literal,"(A || B || C) && (A || !B) && (A || !C)",tautology,sat,3,3,3,7,4,3,13,0.12033091600005719,1,0.13035673199919984,1,0.256
pure2,pure_literal,"(A || B || C) && (A || !B) && (A || !C)",unit_propagation,sat,4,3,3,7,4,3,13,0.11871745200005535,1,0.1286703089999719,1,0.252
pure2,pure_literal,"(A || B || C) && (A || !B) && (A || !C)",pure_literal,sat,1,1,1,3,2,0,7,0.11934192799981247,1,0.1289319070001511,1,0.252
pure2,pure_literal,"(A || B || C) && (A || !B) && (A || !C)",tautology+unit_propagation,sat,4,3,3,7,4,3,13,0.12139797800045926,1,0.14256484900033684,1,0.268
pure2,pure_literal,"(A || B || C) && (A || !B) && (A || !C)",tautology+pure_literal,sat,1,1,1,3,2,0,7,0.12168636300066282,1,0.13435683099942253,1,0.259
pure2,pure_literal,"(A || B || C) && (A || !B) && (A || !C)",unit_propagation+pure_literal,sat,1,1,1,3,2,0,7,0.1217099949999465,1,0.12278400200011674,1,0.248
pure2,pure_literal,"(A || B || C) && (A || !B) && (A || !C)",full,sat,1,1,1,3,2,0,7,0.11999435899997479,1,0.12816142900010163,1,0.252
pure3,pure_literal,"(A || B || C) && (!A || !B)",none,sat,2,3,2,6,3,2,11,0.12363513099990087,1,0.13281352400008473,1,0.260
pure3,pure_literal,"(A || B || C) && (!A || !B)",tautology,sat,1,3,2,6,3,2,11,0.1174804549991677,1,0.13037348299985752,1,0.252
pure3,pure_literal,"(A || B || C) && (!A || !B)",unit_propagation,sat,5,3,2,6,3,2,11,0.12543830499998876,2,0.25682269600110885,3,0.388
pure3,pure_literal,"(A || B || C) && (!A || !B)",pure_literal,sat,1,3,3,7,4,1,7,0.11934328900042601,1,0.12852349799959484,1,0.251
pure3,pure_literal,"(A || B || C) && (!A || !B)",tautology+unit_propagation,sat,2,3,2,6,3,2,11,0.11680875699948956,1,0.15546816000005492,1,0.276
pure3,pure_literal,"(A || B || C) && (!A || !B)",tautology+pure_literal,sat,1,3,3,7,4,1,7,0.13709202999962145,1,0.13038685700030328,1,0.271
pure3,pure_literal,"(A || B || C) && (!A || !B)",unit_propagation+pure_literal,sat,1,3,3,7,4,1,7,0.12402972600011708,1,0.12850021899976127,1,0.256
pure3,pure_literal,"(A || B || C) && (!A || !B)",full,sat,1,3,3,7,4,1,7,0.11869545600075071,1,0.1255626289994325,1,0.248
taut1,tautology,"A || !A",none,error,0,,,,,,,,0,,,0.001
taut1,tautology,"A || !A",tautology,tautology,0,,,,,,,,0,,,0.000
taut1,tautology,"A || !A",unit_propagation,error,0,,,,,,,,0,,,0.000
taut1,tautology,"A || !A",pure_literal,error,0,,,,,,,,0,,,0.000
taut1,tautology,"A || !A",tautology+unit_propagation,tautology,0,,,,,,,,0,,,0.000
taut1,tautology,"A || !A",tautology+pure_literal,tautology,0,,,,,,,,0,,,0.000
taut1,tautology,"A || !A",unit_propagation+pure_literal,error,0,,,,,,,,0,,,0.000
taut1,tautology,"A || !A",full,tautology,0,,,,,,,,0,,,0.000
taut2,tautology,"(A && B) -> A",none,error,0,,,,,,,,0,,,0.000
taut2,tautology,"(A && B) -> A",tautology,tautology,0,,,,,,,,0,,,0.000
taut2,tautology,"(A && B) -> A",unit_propagation,error,0,,,,,,,,0,,,0.005
taut2,tautology,"(A && B) -> A",pure_literal,sat,1,1,1,3,2,0,5,0.11493377899932966,1,0.13472307000029105,1,0.251
taut2,tautology,"(A && B) -> A",tautology+unit_propagation,tautology,0,,,,,,,,0,,,0.000
taut2,tautology,"(A && B) -> A",tautology+pure_literal,tautology,0,,,,,,,,0,,,0.000
taut2,tautology,"(A && B) -> A",unit_propagation+pure_literal,sat,1,1,1,3,2,0,5,0.11994984800003294,1,0.1293939759998466,1,0.251
taut2,tautology,"(A && B) -> A",full,tautology,0,,,,,,,,0,,,0.000
sat_single1,sat_single,"A && B && !C",none,sat,1,3,3,7,4,1,7,0.12496084499980498,1,0.1278336400000626,1,0.256
sat_single1,sat_single,"A && B && !C",tautology,sat,1,3,3,7,4,1,7,0.12343658700046944,1,0.12986829600049532,1,0.256
sat_single1,sat_single,"A && B && !C",unit_propagation,sat,1,3,3,7,4,1,7,0.11774997100019391,1,0.13591817500036996,1,0.256
sat_single1,sat_single,"A && B && !C",pure_literal,sat,1,3,3,7,4,1,7,0.13126141800057667,1,0.12964823299989803,1,0.263
sat_single1,sat_single,"A && B && !C",tautology+unit_propagation,sat,1,3,3,7,4,1,7,0.12215441500029556,1,0.131192939000357,1,0.256
sat_single1,sat_single,"A && B && !C",tautology+pure_literal,sat,1,3,3,7,4,1,7,0.12431749900042632,1,0.14135604500006593,1,0.268
sat_single1,sat_single,"A && B && !C",unit_propagation+pure_literal,sat,1,3,3,7,4,1,7,0.12314407099984237,1,0.12573750599949562,1,0.251
sat_single1,sat_single,"A && B && !C",full,sat,1,3,3,7,4,1,7,0.12214714299989282,1,0.12714587400023447,1,0.252
sat_single2,sat_single,"(A -> B) && A && (B -> C) && !D && (D -> A)",none,sat,1,4,5,10,6,1,15,0.1189201499992123,1,0.12890145000073971,1,0.252
sat_single2,sat_single,"(A -> B) && A && (B -> C) && !D && (D -> A)",tautology,sat,1,4,5,10,6,1,15,0.12605558399991423,1,0.13339845999962563,1,0.264
sat_single2,sat_single,"(A -> B) && A && (B -> C) && !D && (D -> A)",unit_propagation,sat,1,4,4,9,5,1,7,0.1422473929997068,1,0.12177266599974246,1,0.268
sat_single2,sat_single,"(A -> B) && A && (B -> C) && !D && (D -> A)",pure_literal,sat,1,4,4,9,5,1,7,0.13505633499971736,1,0.13231236899991927,1,0.272
sat_single2,sat_single,"(A -> B) && A && (B -> C) && !D && (D -> A)",tautology+unit_propagation,sat,1,4,4,9,5,1,7,0.12196300000050542,1,0.13356097300038527,1,0.260
sat_single2,sat_single,"(A -> B) && A && (B -> C) && !D && (D -> A)",tautology+pure_literal,sat,1,4,4,9,5,1,7,0.12443745899963687,1,0.1339718270000958,1,0.264
sat_single2,sat_single,"(A -> B) && A && (B -> C) && !D && (D -> A)",unit_propagation+pure_literal,sat,1,4,4,9,5,1,7,0.12382669399994484,1,0.128294662999906,1,0.256
sat_single2,sat_single,"(A -> B) && A && (B -> C) && !D && (D -> A)",full,sat,1,4,4,9,5,1,7,0.1225279580003189,1,0.13314394999997603,1,0.260
sat_multi1,sat_multi,"(A || B) && (!A || !B)",none,sat,2,2,2,5,3,0,11,0.127085127999635,1,0.13302304500030004,1,0.264
sat_multi1,sat_multi,"(A || B) && (!A || !B)",tautology,sat,2,2,2,5,3,0,11,0.12082614900009503,1,0.1319186250002531,1,0.256
sat_multi1,sat_multi,"(A || B) && (!A || !B)",unit_propagation,sat,2,2,2,5,3,0,11,0.12363820599966857,1,0.12843515499935165,1,0.256
sat_multi1,sat_multi,"(A || B) && (!A || !B)",pure_literal,sat,2,2,2,5,3,0,11,0.12449594299960154,1,0.1560687629998938,1,0.284
sat_multi1,sat_multi,"(A || B) && (!A || !B)",tautology+unit_propagation,sat,2,2,2,5,3,0,11,0.12898231800045323,1,0.14678507999997237,1,0.280
sat_multi1,sat_multi,"(A || B) && (!A || !B)",tautology+pure_literal,sat,2,2,2,5,3,0,11,0.12096420000034414,1,0.13149794399942039,1,0.256
sat_multi1,sat_multi,"(A || B) && (!A || !B)",unit_propagation+pure_literal,sat,2,2,2,5,3,0,11,0.12300649899952987,1,0.13067832799970347,1,0.256
sat_multi1,sat_multi,"(A || B) && (!A || !B)",full,sat,2,2,2,5,3,0,11,0.13141051000002335,1,0.12824717399962537,1,0.263
sat_multi2,sat_multi,"(A || B) && (C || !D) && (!C || D)",none,sat,5,4,3,8,4,1,11,0.11792287200023566,1,0.1334387360002438,1,0.256
sat_multi2,sat_multi,"(A || B) && (C || !D) && (!C || D)",tautology,sat,5,4,3,8,4,1,11,0.1188104500006375,1,0.13251860699983808,1,0.256
sat_multi2,sat_multi,"(A || B) && (C || !D) && (!C || D)",unit_propagation,sat,6,4,3,8,4,1,11,0.1258950889996413,1,0.15354468500026996,1,0.284
sat_multi2,sat_multi,"(A || B) && (C || !D) && (!C || D)",pure_literal,sat,2,4,4,9,5,1,11,0.12040774199977022,1,0.13123933499991836,1,0.256
sat_multi2,sat_multi,"(A || B) && (C || !D) && (!C || D)",tautology+unit_propagation,sat,6,4,3,8,4,1,11,0.13982649900026445,1,0.13156759999947099,1,0.276
sat_multi2,sat_multi,"(A || B) && (C || !D) && (!C || D)",tautology+pure_literal,sat,2,4,4,9,5,1,11,0.1198803860006592,1,0.15572264799993718,1,0.280
sat_multi2,sat_multi,"(A || B) && (C || !D) && (!C || D)",unit_propagation+pure_literal,sat,2,4,4,9,5,1,11,0.11989645899939205,1,0.12759517399990727,1,0.252
sat_multi2,sat_multi,"(A || B) && (C || !D) && (!C || D)",full,sat,2,4,4,9,5,1,11,0.12533419099963794,1,0.1340815459998339,1,0.264
unsat1,unsat,"A && !A",none,unknown,0,1,2,4,3,0,11,0.13147418399967137,2,0.2640343690000009,2,0.400
unsat1,unsat,"A && !A",tautology,unknown,0,1,2,4,3,0,11,0.11991815300007147,2,0.2758701809998456,3,0.400
unsat1,unsat,"A && !A",unit_propagation,unsat,0,,,,,,,,0,,,0.000
unsat1,unsat,"A && !A",pure_literal,unknown,0,1,2,4,3,0,11,0.12252151499978936,2,0.2853603880002993,2,0.412
unsat1,unsat,"A && !A",tautology+unit_propagation,unsat,0,,,,,,,,0,,,0.000
unsat1,unsat,"A && !A",tautology+pure_literal,unknown,0,1,2,4,3,0,11,0.13538258399967162,2,0.26380054499986727,2,0.403
unsat1,unsat,"A && !A",unit_propagation+pure_literal,unsat,0,,,,,,,,0,,,0.000
unsat1,unsat,"A && !A",full,unsat,0,,,,,,,,0,,,0.000
unsat2,unsat,"(A || B) && (!A || B) && (A || !B) && (!A || !B)",none,unknown,0,2,4,7,5,1,19,0.13751285200032726,2,0.25973212699955184,2,0.404
unsat2,unsat,"(A || B) && (!A || B) && (A || !B) && (!A || !B)",tautology,unknown,0,2,4,7,5,1,19,0.12531485199997405,2,0.2593960080002944,3,0.392
unsat2,unsat,"(A || B) && (!A || B) && (A || !B) && (!A || !B)",unit_propagation,unknown,0,2,4,7,5,1,19,0.1249678429994674,2,0.26809471900014614,3,0.400
unsat2,unsat,"(A || B) && (!A || B) && (A || !B) && (!A || !B)",pure_literal,unknown,0,2,4,7,5,1,19,0.12238921500011202,2,0.25956022500031395,3,0.388
unsat2,unsat,"(A || B) && (!A || B) && (A || !B) && (!A || !B)",tautology+unit_propagation,unknown,0,2,4,7,5,1,19,0.1309025170003224,2,0.2665173429995775,3,0.404
unsat2,unsat,"(A || B) && (!A || B) && (A || !B) && (!A || !B)",tautology+pure_literal,unknown,0,2,4,7,5,1,19,0.13565353699959815,2,0.25767034699947544,2,0.400
unsat2,unsat,"(A || B) && (!A || B) && (A || !B) && (!A || !B)",unit_propagation+pure_literal,unknown,0,2,4,7,5,1,19,0.12104604599971935,2,0.2602353470001617,3,0.388
unsat2,unsat,"(A || B) && (!A || B) && (A || !B) && (!A || !B)",full,unknown,0,2,4,7,5,1,19,0.1329087759995673,2,0.2919133690002127,2,0.432
rand_gen(10),random,"((((V18 ^ V18) ^ (V1 ^ V11)) || V10) && (((V10 || V6) && !V13) || ((V9 ^ V7) || (V8 || V17))))",none,error,0,,,,,,,,0,,,26.580
rand_gen(10),random,"((((V18 ^ V18) ^ (V1 ^ V11)) || V10) && (((V10 || V6) && !V13) || ((V9 ^ V7) || (V8 || V17))))",tautology,sat,16,10,8,19,9,17,21,0.11974040999939461,3,0.7523852539998188,4,27.896
rand_gen(10),random,"((((V18 ^ V18) ^ (V1 ^ V11)) || V10) && (((V10 || V6) && !V13) || ((V9 ^ V7) || (V8 || V17))))",unit_propagation,error,0,,,,,,,,0,,,27.983
rand_gen(10),random,"((((V18 ^ V18) ^ (V1 ^ V11)) || V10) && (((V10 || V6) && !V13) || ((V9 ^ V7) || (V8 || V17))))",pure_literal,sat,1,5,5,11,6,1,7,0.13857931599977746,1,0.14093072400009987,1,28.877
rand_gen(10),random,"((((V18 ^ V18) ^ (V1 ^ V11)) || V10) && (((V10 || V6) && !V13) || ((V9 ^ V7) || (V8 || V17))))",tautology+unit_propagation,sat,1,10,8,19,9,17,21,0.1609076869999626,2,0.3475278639998578,2,27.482
rand_gen(10),random,"((((V18 ^ V18) ^ (V1 ^ V11)) || V10) && (((V10 || V6) && !V13) || ((V9 ^ V7) || (V8 || V17))))",tautology+pure_literal,sat,1,5,5,11,6,1,7,0.11936461599998438,1,0.1374991630000295,1,27.929
rand_gen(10),random,"((((V18 ^ V18) ^ (V1 ^ V11)) || V10) && (((V10 || V6) && !V13) || ((V9 ^ V7) || (V8 || V17))))",unit_propagation+pure_literal,sat,1,5,5,11,6,1,7,0.13731544999973266,1,0.1593754040004569,1,26.656
rand_gen(10),random,"((((V18 ^ V18) ^ (V1 ^ V11)) || V10) && (((V10 || V6) && !V13) || ((V9 ^ V7) || (V8 || V17))))",full,sat,1,5,5,11,6,1,7,0.11716300299940485,1,0.13870139500068035,1,26.924
rand_gen(9),random,"((((V11 ^ V20) ^ !V19) && V1) && (!(V19 && V1) ^ V14))",none,sat,4,5,8,14,9,11,31,0.12167148600019573,1,0.16552067900011025,1,6.040
rand_gen(9),random,"((((V11 ^ V20) ^ !V19) && V1) && (!(V19 && V1) ^ V14))",tautology,sat,3,5,8,14,9,11,31,0.12521470099909493,1,0.14964441599931888,1,5.967
rand_gen(9),random,"((((V11 ^ V20) ^ !V19) && V1) && (!(V19 && V1) ^ V14))",unit_propagation,sat,4,5,7,13,8,9,25,0.11458931700053654,1,0.13227732100040157,1,5.912
rand_gen(9),random,"((((V11 ^ V20) ^ !V19) && V1) && (!(V19 && V1) ^ V14))",pure_literal,sat,4,5,8,14,9,11,31,0.11213379100081511,1,0.1415366820001509,1,6.156
rand_gen(9),random,"((((V11 ^ V20) ^ !V19) && V1) && (!(V19 && V1) ^ V14))",tautology+unit_propagation,sat,4,5,7,13,8,9,25,0.12436175400034699,1,0.1512638810008866,1,6.160
rand_gen(9),random,"((((V11 ^ V20) ^ !V19) && V1) && (!(V19 && V1) ^ V14))",tautology+pure_literal,sat,4,5,8,14,9,11,31,0.1257566140002382,1,0.17399617500086606,1,6.124
rand_gen(9),random,"((((V11 ^ V20) ^ !V19) && V1) && (!(V19 && V1) ^ V14))",unit_propagation+pure_literal,sat,4,5,7,13,8,9,25,0.11932860700017045,1,0.14277379699979065,1,5.624
rand_gen(9),random,"((((V11 ^ V20) ^ !V19) && V1) && (!(V19 && V1) ^ V14))",full,sat,4,5,7,13,8,9,25,0.13793168700067326,1,0.16216489099952014,1,6.264
rand_gen(8),random,"((!(!V8 || !V13) -> ((!V2 && (V5 -> V7)) ^ ((V2 -> V7) -> (V18 || V12)))) || V18)",none,error,0,,,,,,,,0,,,412.859
rand_gen(8),random,"((!(!V8 || !V13) -> ((!V2 && (V5 -> V7)) ^ ((V2 -> V7) -> (V18 || V12)))) || V18)",tautology,sat,5,7,4,12,5,9,17,0.16179674900013197,1,0.15493749800043588,1,451.352
rand_gen(8),random,"((!(!V8 || !V13) -> ((!V2 && (V5 -> V7)) ^ ((V2 -> V7) -> (V18 || V12)))) || V18)",unit_propagation,error,0,,,,,,,,0,,,450.114
rand_gen(8),random,"((!(!V8 || !V13) -> ((!V2 && (V5 -> V7)) ^ ((V2 -> V7) -> (V18 || V12)))) || V18)",pure_literal,sat,1,2,2,5,3,0,5,0.129524042000412,1,0.17894016100035515,1,434.597
rand_gen(8),random,"((!(!V8 || !V13) -> ((!V2 && (V5 -> V7)) ^ ((V2 -> V7) -> (V18 || V12)))) || V18)",tautology+unit_propagation,sat,9,7,4,12,5,9,17,0.1396398409997346,1,0.1449270079992857,1,436.944
rand_gen(8),random,"((!(!V8 || !V13) -> ((!V2 && (V5 -> V7)) ^ ((V2 -> V7) -> (V18 || V12)))) || V18)",tautology+pure_literal,sat,1,3,3,7,4,1,7,0.15246929400018416,1,0.17172595300144167,1,435.999
rand_gen(8),random,"((!(!V8 || !V13) -> ((!V2 && (V5 -> V7)) ^ ((V2 -> V7) -> (V18 || V12)))) || V18)",unit_propagation+pure_literal,sat,1,2,2,5,3,0,5,0.1501285359991016,1,0.17426041699945927,1,431.696
rand_gen(8),random,"((!(!V8 || !V13) -> ((!V2 && (V5 -> V7)) ^ ((V2 -> V7) -> (V18 || V12)))) || V18)",full,sat,1,3,3,7,4,1,7,0.17805512100130727,1,0.19513238199942862,1,442.440
rand_gen(7),random,"(((V12 ^ V2) ^ (V2 -> V5)) -> ((V13 -> V12) && (V8 || V1)))",none,error,0,,,,,,,,0,,,1.085
rand_gen(7),random,"(((V12 ^ V2) ^ (V2 -> V5)) -> ((V13 -> V12) && (V8 || V1)))",tautology,sat,1,6,7,14,8,15,31,0.16964053100127785,2,0.3704950680021284,2,1.675
rand_gen(7),random,"(((V12 ^ V2) ^ (V2 -> V5)) -> ((V13 -> V12) && (V8 || V1)))",unit_propagation,error,0,,,,,,,,0,,,1.049
rand_gen(7),random,"(((V12 ^ V2) ^ (V2 -> V5)) -> ((V13 -> V12) && (V8 || V1)))",pure_literal,sat,1,3,3,7,4,1,7,0.1734210169997823,1,0.20915987599983055,1,1.494
rand_gen(7),random,"(((V12 ^ V2) ^ (V2 -> V5)) -> ((V13 -> V12) && (V8 || V1)))",tautology+unit_propagation,sat,10,6,7,14,8,15,31,0.15746450599908712,4,0.7823621230018034,6,2.028
rand_gen(7),random,"(((V12 ^ V2) ^ (V2 -> V5)) -> ((V13 -> V12) && (V8 || V1)))",tautology+pure_literal,sat,1,3,3,7,4,1,7,0.203597849000289,1,0.19186398400051985,1,1.567
rand_gen(7),random,"(((V12 ^ V2) ^ (V2 -> V5)) -> ((V13 -> V12) && (V8 || V1)))",unit_propagation+pure_literal,sat,1,3,3,7,4,1,7,0.2015347449996625,1,0.21242074399924604,1,1.552
rand_gen(7),random,"(((V12 ^ V2) ^ (V2 -> V5)) -> ((V13 -> V12) && (V8 || V1)))",full,sat,1,3,3,7,4,1,7,0.1683198299997457,1,0.1629231629995047,1,1.464
rand_gen(6),random,"((((V2 ^ V3) ^ (V4 ^ V2)) || !(V4 ^ V3)) ^ !V1)",none,error,0,,,,,,,,0,,,13.533
rand_gen(6),random,"((((V2 ^ V3) ^ (V4 ^ V2)) || !(V4 ^ V3)) ^ !V1)",tautology,sat,6,4,6,11,7,13,27,0.18182267399970442,1,0.19055882900102006,1,14.091
rand_gen(6),random,"((((V2 ^ V3) ^ (V4 ^ V2)) || !(V4 ^ V3)) ^ !V1)",unit_propagation,error,0,,,,,,,,0,,,13.537
rand_gen(6),random,"((((V2 ^ V3) ^ (V4 ^ V2)) || !(V4 ^ V3)) ^ !V1)",pure_literal,error,0,,,,,,,,0,,,13.159
rand_gen(6),random,"((((V2 ^ V3) ^ (V4 ^ V2)) || !(V4 ^ V3)) ^ !V1)",tautology+unit_propagation,sat,5,4,6,11,7,13,27,0.15216688900000008,1,0.17315794199930679,1,13.563
rand_gen(6),random,"((((V2 ^ V3) ^ (V4 ^ V2)) || !(V4 ^ V3)) ^ !V1)",tautology+pure_literal,sat,1,1,1,3,2,0,7,0.15476128299997072,1,0.18781505100014328,1,13.079
rand_gen(6),random,"((((V2 ^ V3) ^ (V4 ^ V2)) || !(V4 ^ V3)) ^ !V1)",unit_propagation+pure_literal,error,0,,,,,,,,0,,,13.239
rand_gen(6),random,"((((V2 ^ V3) ^ (V4 ^ V2)) || !(V4 ^ V3)) ^ !V1)",full,sat,1,1,1,3,2,0,7,0.16266211600122915,1,0.16603273300097499,1,13.564
rand_gen(5),random,"(!(!V15 -> V16) || (((V16 && V8) || (V2 && V2)) && (!V10 && (V1 ^ V11))))",none,error,0,,,,,,,,0,,,17.197
rand_gen(5),random,"(!(!V15 -> V16) || (((V16 && V8) || (V2 && V2)) && (!V10 && (V1 ^ V11))))",tautology,sat,12,7,9,17,10,15,19,0.1413905600002181,1,0.22485902200060082,1,17.867
rand_gen(5),random,"(!(!V15 -> V16) || (((V16 && V8) || (V2 && V2)) && (!V10 && (V1 ^ V11))))",unit_propagation,error,0,,,,,,,,0,,,17.105
rand_gen(5),random,"(!(!V15 -> V16) || (((V16 && V8) || (V2 && V2)) && (!V10 && (V1 ^ V11))))",pure_literal,sat,1,5,5,11,6,1,7,0.1521668570003385,1,0.1818831679993309,1,17.010
rand_gen(5),random,"(!(!V15 -> V16) || (((V16 && V8) || (V2 && V2)) && (!V10 && (V1 ^ V11))))",tautology+unit_propagation,sat,14,7,9,17,10,15,19,0.17279733400027908,1,0.26774014299917326,1,17.585
rand_gen(5),random,"(!(!V15 -> V16) || (((V16 && V8) || (V2 && V2)) && (!V10 && (V1 ^ V11))))",tautology+pure_literal,sat,1,5,5,11,6,1,7,0.14875803900031315,1,0.17087480199916172,1,17.507
rand_gen(5),random,"(!(!V15 -> V16) || (((V16 && V8) || (V2 && V2)) && (!V10 && (V1 ^ V11))))",unit_propagation+pure_literal,sat,1,5,5,11,6,1,7,0.14655767299882427,1,0.17897366499892087,1,17.628
rand_gen(5),random,"(!(!V15 -> V16) || (((V16 && V8) || (V2 && V2)) && (!V10 && (V1 ^ V11))))",full,sat,1,5,5,11,6,1,7,0.17112805200122239,1,0.18010366900125518,1,17.400
rand_gen(4),random,"(!((V7 || V8) && (V2 || V14)) ^ (!(V13 || V9) || (V9 || !V14)))",none,error,0,,,,,,,,0,,,1.154
rand_gen(4),random,"(!((V7 || V8) && (V2 || V14)) ^ (!(V13 || V9) || (V9 || !V14)))",tautology,sat,9,6,10,17,11,19,27,0.15526886299994658,1,0.18279451399939717,1,1.514
rand_gen(4),random,"(!((V7 || V8) && (V2 || V14)) ^ (!(V13 || V9) || (V9 || !V14)))",unit_propagation,error,0,,,,,,,,0,,,1.238
rand_gen(4),random,"(!((V7 || V8) && (V2 || V14)) ^ (!(V13 || V9) || (V9 || !V14)))",pure_literal,error,0,,,,,,,,0,,,1.155
rand_gen(4),random,"(!((V7 || V8) && (V2 || V14)) ^ (!(V13 || V9) || (V9 || !V14)))",tautology+unit_propagation,sat,8,6,10,17,11,19,27,0.15377615699981106,1,0.19230867600163037,1,1.522
rand_gen(4),random,"(!((V7 || V8) && (V2 || V14)) ^ (!(V13 || V9) || (V9 || !V14)))",tautology+pure_literal,sat,6,6,10,17,11,19,27,0.1710253430010198,1,0.3333981340001628,1,1.721
rand_gen(4),random,"(!((V7 || V8) && (V2 || V14)) ^ (!(V13 || V9) || (V9 || !V14)))",unit_propagation+pure_literal,error,0,,,,,,,,0,,,1.232
rand_gen(4),random,"(!((V7 || V8) && (V2 || V14)) ^ (!(V13 || V9) || (V9 || !V14)))",full,sat,7,6,10,17,11,19,27,0.1862135989995295,1,0.1907885590007936,1,1.582
rand_gen(3),random,"((!(V5 ^ V7) || ((V2 || V6) || (V9 ^ V4))) && (((V1 || V4) -> (V10 ^ V14)) || (V4 && (V10 ^ V14))))",none,error,0,,,,,,,,0,,,32.622
rand_gen(3),random,"((!(V5 ^ V7) || ((V2 || V6) || (V9 ^ V4))) && (((V1 || V4) -> (V10 ^ V14)) || (V4 && (V10 ^ V14))))",tautology,sat,5,9,10,20,11,21,37,0.23641540899916436,1,0.36565995999990264,1,35.627
rand_gen(3),random,"((!(V5 ^ V7) || ((V2 || V6) || (V9 ^ V4))) && (((V1 || V4) -> (V10 ^ V14)) || (V4 && (V10 ^ V14))))",unit_propagation,error,0,,,,,,,,0,,,30.394
rand_gen(3),random,"((!(V5 ^ V7) || ((V2 || V6) || (V9 ^ V4))) && (((V1 || V4) -> (V10 ^ V14)) || (V4 && (V10 ^ V14))))",pure_literal,error,0,,,,,,,,0,,,29.754
rand_gen(3),random,"((!(V5 ^ V7) || ((V2 || V6) || (V9 ^ V4))) && (((V1 || V4) -> (V10 ^ V14)) || (V4 && (V10 ^ V14))))",tautology+unit_propagation,sat,4,9,10,20,11,21,37,0.22837809300108347,1,0.3930272119996516,1,31.840
rand_gen(3),random,"((!(V5 ^ V7) || ((V2 || V6) || (V9 ^ V4))) && (((V1 || V4) -> (V10 ^ V14)) || (V4 && (V10 ^ V14))))",tautology+pure_literal,sat,1,4,4,9,5,1,7,0.15336030199978268,1,0.1616446369989717,1,30.869
rand_gen(3),random,"((!(V5 ^ V7) || ((V2 || V6) || (V9 ^ V4))) && (((V1 || V4) -> (V10 ^ V14)) || (V4 && (V10 ^ V14))))",unit_propagation+pure_literal,error,0,,,,,,,,0,,,32.302
rand_gen(3),random,"((!(V5 ^ V7) || ((V2 || V6) || (V9 ^ V4))) && (((V1 || V4) -> (V10 ^ V14)) || (V4 && (V10 ^ V14))))",full,sat,1,4,4,9,5,1,7,0.3141049559999374,1,0.24410651800099004,1,32.378
rand_gen(2),random,"(V8 ^ ((((V4 ^ V9) || (V3 && V7)) || V7) || ((!V4 || (V5 ^ V10)) || (!V9 -> (V3 -> V3)))))",none,error,0,,,,,,,,0,,,553.930
rand_gen(2),random,"(V8 ^ ((((V4 ^ V9) || (V3 && V7)) || V7) || ((!V4 || (V5 ^ V10)) || (!V9 -> (V3 -> V3)))))",tautology,sat,8,7,10,18,11,11,25,0.15295794800113072,1,0.2041703350005264,1,560.550
rand_gen(2),random,"(V8 ^ ((((V4 ^ V9) || (V3 && V7)) || V7) || ((!V4 || (V5 ^ V10)) || (!V9 -> (V3 -> V3)))))",unit_propagation,error,0,,,,,,,,0,,,519.886
rand_gen(2),random,"(V8 ^ ((((V4 ^ V9) || (V3 && V7)) || V7) || ((!V4 || (V5 ^ V10)) || (!V9 -> (V3 -> V3)))))",pure_literal,error,0,,,,,,,,0,,,563.051
rand_gen(2),random,"(V8 ^ ((((V4 ^ V9) || (V3 && V7)) || V7) || ((!V4 || (V5 ^ V10)) || (!V9 -> (V3 -> V3)))))",tautology+unit_propagation,sat,12,7,10,18,11,11,25,0.25707697400139295,1,1.17878193100114,1,580.561
rand_gen(2),random,"(V8 ^ ((((V4 ^ V9) || (V3 && V7)) || V7) || ((!V4 || (V5 ^ V10)) || (!V9 -> (V3 -> V3)))))",tautology+pure_literal,sat,1,2,2,5,3,0,5,0.14612923200002115,1,0.20116886200048611,1,499.830
rand_gen(2),random,"(V8 ^ ((((V4 ^ V9) || (V3 && V7)) || V7) || ((!V4 || (V5 ^ V10)) || (!V9 -> (V3 -> V3)))))",unit_propagation+pure_literal,error,0,,,,,,,,0,,,498.336
rand_gen(2),random,"(V8 ^ ((((V4 ^ V9) || (V3 && V7)) || V7) || ((!V4 || (V5 ^ V10)) || (!V9 -> (V3 -> V3)))))",full,sat,1,2,2,5,3,0,5,0.1370574900010979,1,0.134185040000375,1,501.295
rand_gen(1),random,"((V2 ^ (V6 || (V5 ^ V10))) -> (((V5 && V5) ^ V2) && (V2 && (V7 || V2))))",none,error,0,,,,,,,,0,,,14.879
rand_gen(1),random,"((V2 ^ (V6 || (V5 ^ V10))) -> (((V5 && V5) ^ V2) && (V2 && (V7 || V2))))",tautology,sat,4,5,8,14,9,15,25,0.297525971000141,1,0.2903680749986961,1,16.885
rand_gen(1),random,"((V2 ^ (V6 || (V5 ^ V10))) -> (((V5 && V5) ^ V2) && (V2 && (V7 || V2))))",unit_propagation,error,0,,,,,,,,0,,,19.842
rand_gen(1),random,"((V2 ^ (V6 || (V5 ^ V10))) -> (((V5 && V5) ^ V2) && (V2 && (V7 || V2))))",pure_literal,error,0,,,,,,,,0,,,17.050
rand_gen(1),random,"((V2 ^ (V6 || (V5 ^ V10))) -> (((V5 && V5) ^ V2) && (V2 && (V7 || V2))))",tautology+unit_propagation,sat,3,5,8,14,9,15,25,0.1407229800006462,1,0.1519754479995754,1,16.353
rand_gen(1),random,"((V2 ^ (V6 || (V5 ^ V10))) -> (((V5 && V5) ^ V2) && (V2 && (V7 || V2))))",tautology+pure_literal,sat,7,5,6,12,7,9,19,0.12030245499954617,1,0.1265173159990809,1,14.098
rand_gen(1),random,"((V2 ^ (V6 || (V5 ^ V10))) -> (((V5 && V5) ^ V2) && (V2 && (V7 || V2))))",unit_propagation+pure_literal,error,0,,,,,,,,0,,,15.512
rand_gen(1),random,"((V2 ^ (V6 || (V5 ^ V10))) -> (((V5 && V5) ^ V2) && (V2 && (V7 || V2))))",full,sat,8,5,6,12,7,9,19,0.2324808609992033,1,0.21157723299984355,1,14.796
rand_gen(0),random,"(((V3 -> ((V4 && V6) -> (V4 ^ V1))) -> (V3 -> !(V3 && V4))) -> ((!(V1 && V6) -> ((V1 ^ V5) ^ !V1)) || !!(V5 -> V1)))",none,error,0,,,,,,,,0,,,359.557
rand_gen(0),random,"(((V3 -> ((V4 && V6) -> (V4 ^ V1))) -> (V3 -> !(V3 && V4))) -> ((!(V1 && V6) -> ((V1 ^ V5) ^ !V1)) || !!(V5 -> V1)))",tautology,sat,1,5,4,10,5,9,13,0.14378557199961506,1,0.14573833200120134,1,380.542
rand_gen(0),random,"(((V3 -> ((V4 && V6) -> (V4 ^ V1))) -> (V3 -> !(V3 && V4))) -> ((!(V1 && V6) -> ((V1 ^ V5) ^ !V1)) || !!(V5 -> V1)))",unit_propagation,error,0,,,,,,,,0,,,390.011
rand_gen(0),random,"(((V3 -> ((V4 && V6) -> (V4 ^ V1))) -> (V3 -> !(V3 && V4))) -> ((!(V1 && V6) -> ((V1 ^ V5) ^ !V1)) || !!(V5 -> V1)))",pure_literal,error,0,,,,,,,,0,,,379.357
rand_gen(0),random,"(((V3 -> ((V4 && V6) -> (V4 ^ V1))) -> (V3 -> !(V3 && V4))) -> ((!(V1 && V6) -> ((V1 ^ V5) ^ !V1)) || !!(V5 -> V1)))",tautology+unit_propagation,sat,1,5,4,10,5,9,13,0.18749383999966085,1,0.22610682000231463,1,381.269
rand_gen(0),random,"(((V3 -> ((V4 && V6) -> (V4 ^ V1))) -> (V3 -> !(V3 && V4))) -> ((!(V1 && V6) -> ((V1 ^ V5) ^ !V1)) || !!(V5 -> V1)))",tautology+pure_literal,sat,1,5,5,11,6,1,7,0.14196085300136474,1,0.1541619419986091,1,391.138
rand_gen(0),random,"(((V3 -> ((V4 && V6) -> (V4 ^ V1))) -> (V3 -> !(V3 && V4))) -> ((!(V1 && V6) -> ((V1 ^ V5) ^ !V1)) || !!(V5 -> V1)))",unit_propagation+pure_literal,error,0,,,,,,,,0,,,420.723
rand_gen(0),random,"(((V3 -> ((V4 && V6) -> (V4 ^ V1))) -> (V3 -> !(V3 && V4))) -> ((!(V1 && V6) -> ((V1 ^ V5) ^ !V1)) || !!(V5 -> V1)))",full,sat,1,5,5,11,6,1,7,0.15755781100233435,1,0.14832167100030347,1,405.081
